month,Ben Thanh,Vo Van Tan,Thao Dien,Phan Xich Long,Quang Trung,Phu My Hung
2024-01,912.1,724.4,,603.2,508.9,697.4
2024-02,660.1,522.7,,432.0,370.0,498.6
2024-03,1000.4,786.8,,655.4,559.7,753.4
2024-04,961.7,757.0,,631.4,530.4,731.1
2024-05,989.1,797.5,,656.0,554.6,752.3
2024-06,895.7,715.5,,585.3,496.0,678.9
2024-07,917.3,719.5,440.7,600.9,502.5,693.5
2024-08,925.0,730.1,595.4,606.1,513.8,700.1
2024-09,904.2,719.7,621.5,594.2,497.5,677.4
2024-10,930.0,744.0,644.7,611.3,510.7,698.7
2024-11,950.6,749.4,665.4,622.0,528.6,732.9
2024-12,989.7,788.5,678.0,647.5,543.9,759.7
2025-01,850.6,662.1,585.4,546.2,467.1,637.5
2025-02,837.7,664.3,584.8,544.0,466.7,628.7
2025-03,1079.4,860.6,745.2,710.8,600.7,823.1
2025-04,1035.5,811.0,712.7,675.6,570.8,788.0
2025-05,1076.4,854.5,746.2,711.7,598.7,825.7
2025-06,953.1,757.6,662.9,629.3,523.8,720.8
2025-07,971.4,775.3,684.7,642.8,549.7,753.5
2025-08,1001.2,799.9,694.8,662.2,554.1,762.7
2025-09,967.7,764.9,677.1,632.0,529.0,731.5
2025-10,995.6,786.7,693.9,658.0,546.0,763.8
2025-11,1034.0,821.2,718.3,679.1,567.4,794.2
2025-12,1068.3,834.2,733.0,687.2,585.5,802.3
